[
    {
        "name": "Burj Khalifa",
        "height": "828"
    },
    {
        "name": "Shanghai Tower",
        "height": "623"
    },
    {
        "name": "Abraj Al-Bait Clock Tower",
        "height": "601"
    },
    {
        "name": "Ping An Finance Centre",
        "height": "599"
    },
    {
        "name": "Lotte World Tower",
        "height": "544.5"
    },
    {
        "name": "One World Trade Center",
        "height":"541.5"
    },
    {
        "name": "Guangzhou CTF Finane Center",
        "height":"530"
    }
]